net;pins
A12;C13.1 C14.1 C15.1 C19.1 C20.1 C21.1 C28.1 C29.1 C3.1 C37.1 C4.1 R1.2 R2.1 R29.1 R32.1 R4.1 R50.1 R53.1 U1.8 U2.8 U3.4 U4.8 U5.14 U6.11 U6.11 U7.11 U7.11 U9.14
ACT;C36.2 R55.2 U4.3
BOTT;R30.1 RV3.1
BYP;C31.1 U8.7
CK1;D2.A D3.K R34.1 U3.1 U5.3 U9.1
CK2;D4.A D5.K R38.1 U3.7 U5.11 U9.5
CMP;U4.1 U5.5 U5.9
E;C26.1 R45.2 R46.1 U3.10
FIN;C17.2 R23.1 R24.1
FN;C27.1 R47.2 U3.12
FW;D9.A U3.13 U3.14
G1;R42.1 U9.3
G2;R43.1 U9.4
GND;C1.2 C13.2 C14.2 C15.2 C19.2 C2.2 C20.2 C21.2 C22.2 C23.2 C24.2 C25.2 C26.2 C27.2 C28.2 C29.2 C3.2 C31.2 C32.2 C33.2 C35.2 C37.2 C4.2 C5.2 C6.2 J1.SLV Q1.B Q1.C Q2.E R19.2 R3.2 R30.2 R33.2 R44.2 R46.2 RV4.1 SPK1.2 U1.4 U2.4 U3.11 U4.4 U5.10 U5.4 U5.6 U5.7 U5.8 U6.10 U6.6 U6.6 U7.10 U7.16 U7.6 U7.6 U7.7 U8.2 U8.4 U9.12 U9.13 U9.7 U9.8 U9.9
GX1;C8.1 R7.2
GX2;C12.1 R13.2
H1;D2.K R36.1
H2;D4.K R40.1
IC1;R31.2 R48.2 U6.1
IC2;R49.2 R50.2 U6.16
IC3;R51.2 U7.1
INV1;R7.1 RV1.1 RV1.W U1.2
INV2;R13.1 R14.2 U1.6
L1;R37.2 RV6A.3
L2;R41.2 RV6B.3
LEDA;D10.A R54.2
LEDK;D10.K Q2.C
MIX;C18.2 R27.2 U2.2 U6.12 U7.5
MO;C18.1 C30.1 R27.1 U2.1
N001;D1.A J1.TIP
N002;D1.K SW1.1
N003;U5.2
N004;U5.12
N005;U9.11
N006;U9.10
N007;U6.2
N008;U6.15
N009;U6.9
N010;U7.2
N011;U7.8
N012;U7.15
N013;U7.12
N014;U7.9
N015;U8.1
N016;U8.8
NA;D6.K R45.1
NIN;C7.2 R6.1 U1.3
NZ;C6.1 R4.2 R5.1
OUTA;C34.1 R28.1 U8.5
P1;C9.1 R10.2
P1P;R34.2 R35.1 U3.3
P2;C10.1 R11.2
P2P;R38.2 R39.1 U3.5
P3;C11.1 R12.2
PK;R10.1 R11.1 R12.1 R9.2 U1.5
PN;R14.1 R15.1 U1.7
Q1;U5.1 U9.2
Q2;U5.13 U9.6
QB;Q2.B R52.2 R53.2
QE;C7.1 Q1.E R5.2
RFM;R8.2 RV1.3
SA;R32.2 RV5.3
SB;R33.1 RV5.1
SPARE;U4.6 U4.7
SPARE2;U2.6 U2.7
SPK;C34.2 SPK1.1
SURFW;C23.1 R55.1 RV5.W
T;D6.A R42.2 R43.2 R44.1
T1;C24.1 R36.2 R37.1 U3.2
T2;C25.1 R40.2 R41.1 U3.6
TONW;C22.1 R31.1 RV3.W
TOPT;R29.2 RV3.3
V1;D7.K R48.1
V12;C1.1 C2.1 C32.1 C33.1 R1.1 R54.1 SW1.2 U8.6
V2;D8.K R49.1
V3;D9.K R51.1
VB;C10.2 C11.2 C12.2 C16.2 C5.1 C8.2 C9.2 R16.2 R18.2 R2.2 R21.2 R22.2 R23.2 R25.2 R26.2 R3.1 R35.2 R39.2 R6.2 RV2.3 U2.3 U2.5 U4.2 U4.5 U7.13 U7.14
VCFN;C16.1 U6.5 U6.7
VCFO;R17.1 R19.1 R20.1 U6.8
VM1;R17.2 R18.1 U6.4
VM2;R22.1 U6.13
VM3;R26.1 U7.4
VOLH;C30.2 RV4.3
VOLW;RV4.W U8.3
VP1;R15.2 R16.1 U6.3
VP2;R20.2 R21.1 U6.14
VP3;R24.2 R25.1 U7.3
VW;D7.A D8.A R47.1 R52.1 U3.8 U3.9
W;C17.1 R8.1 R9.1 RV2.1 U1.1
W1;D3.A RV6A.1 RV6A.W
W2;D5.A RV6B.1 RV6B.W
WA;C36.1 RV2.W
ZOB;C35.1 R28.2
