Группа;Обозначения;Кол-во;Название;Название на chipdip.ru;Ссылка;Примечание
Модули и микросхемы;U1;1;Raspberry Pi Pico 2 (RP2350);Raspberry Pi Pico 2, Программируемый контроллер на базе RP2350 (2 х Arm Cortex-M33 или 2 х Hazard3 RISC-V);https://www.chipdip.ru/product/raspberry-pi-pico-2-programmiruemyy-kontroller-raspberry-pi-9001738774;Плата продаётся без штырей: впаяйте штыревую вилку PLS-40 (2 × 20) и вставьте Pico в две панельки PBS-20.
Модули и микросхемы;U2;1;MCP3008-I/P — АЦП 10 бит, 8 каналов, SPI;MCP3008-I/P, АЦП, восьмиканальный, 10 бит, 200 К выборок/с, однополярный, 2.7 В, 5.5 В, [DIP-16];https://www.chipdip.ru/product/mcp3008-i-p-atsp-vosmikanalnyy-10-bit-200-k-microchip-9000275866;Ставится в панельку SCS-16.
Модули и микросхемы;U3;1;Модуль I2S-усилителя на MAX98357A (3 Вт, класс D);DEV-14809, MAX98357A Audio Interface Audio Platform Evaluation Expansion Board;https://www.chipdip.ru/product/dev-14809-max98357a-audio-interface-platform-sparkfun-8005982168;Выводы: VIN, GND, SD, GAIN, DIN, BCLK, LRC и два вывода для динамика. Порядок смотрите по надписям на плате. Аналог: Adafruit 3006 (документация есть на chipdip.ru, страницу товара подтвердить не удалось).
Транзисторы и диоды;D1;1;Диод Шоттки 1N5819 (40 В, 1 А);1N5819, Диод Шоттки 40В 1А/25А [DO-41];https://www.chipdip.ru/product/1n5819-diod-shottki-40v-1a-25a-do-41-mic-9001076085;
Транзисторы и диоды;D2;1;Светодиод 3 мм, сине-зелёный 505 нм (GNL-3014BGC);Серия GNL-3014 (G-nor), каталог chipdip.ru; модель GNL-3014BGC: сине-зелёный 505 нм, 3 мм, 30°;https://www.chipdip.ru/catalog/popular/gnl-3014;Это страница каталога серии GNL-3014 на chipdip.ru; точную страницу товара BGC найти не удалось. Цвет ближе всего к бирюзовому акценту прибора.
Транзисторы и диоды;Q1;1;Транзистор BC547B (NPN, 45 В, 0,1 А);BC547B, Транзистор NPN 45В 0.1А 0.63Вт [TO92], Fairchild;https://www.chipdip.ru/product/bc547b-fairchild;Годится любой NPN малой мощности с коэффициентом усиления > 100.
Резисторы;R1;1;Резистор 4,7 кОм, 0,25 Вт, 5 %;CF-25 (С1-4) 0.25Вт, 4.7 кОм, 5%, Резистор углеродистый;https://www.chipdip.ru/product/cf-25-s1-4-0.25vt-4.7-kom-5-rezistor-uglerodistyy-33723;
Резисторы;R2;1;Резистор 180 Ом, 0,25 Вт, 5 %;CF-25 (С1-4) 0.25 Вт, 180 Ом, 5%, Резистор углеродистый, Тайвань;https://www.chipdip.ru/product0/105;
Конденсаторы;C1;1;Конденсатор электролитический 470 мкФ, 16 В, 105 °C;470 мкФ, 16 В, 105°C, TK 8X11, TKR471M1CF11, Конденсатор электролитический алюминиевый (Jamicon);https://www.chipdip.ru/product/470-mkf-16-v-105-c-tk-8x11-tkr471m1cf11-kondensator-jamicon-9000251734;Полоса на корпусе — минус.
Конденсаторы;C2;1;Конденсатор электролитический 10 мкФ, 16 В, 105 °C;ECAP (К50-35), 10 мкФ, 16 В, 105°C, Конденсатор электролитический алюминиевый;https://www.chipdip.ru/product0/591662343;Полоса на корпусе — минус.
Конденсаторы;C3 C4 C5 C6 C7;5;Конденсатор керамический 100 нФ, 50 В, X7R;CM-100N-X7R, Конденсатор керамический, MLCC, монолитный, 100нФ, 50В, X7R, ±10%, SR Passives;https://www.chipdip.ru/product/cm-100n-x7r-kondensator-keramicheskiy-sr-passives-8007033755;
Регуляторы;RV1 RV2 RV3 RV4;4;Резистор переменный 10 кОм линейный (B10K), ось 25 мм;R-0904N-B10K, L25F, 10 кОм, Резистор переменный, Song Huei;https://www.chipdip.ru/product/r-0904n-b10k-l25f;Диаметр оси 6 мм и тип оси (с лыской или рифлёная) по выдаче подтвердить не удалось; ручки ниже крепятся винтом и подходят к обеим.
Разъёмы и коммутация;J1;1;Гнездо питания DC 5,5 × 2,1 мм на корпус, с гайкой;Гнездо питания DC 5.5x2.1мм на корпус с гайкой, пластик; №10017 гн пит DC 2,1D5,5\2C\\пан М8\\DJK-32A\;https://www.chipdip.ru/product/gnezdo-pitaniya-dc-5.5x2.1mm-na-korpus-s-gaykoy-plastik-8008360461;
Разъёмы и коммутация;SPK1;1;Динамик 8 Ом, 2 Вт, ø64 мм (VISATON K 64 WP);K 64 WP - 8 OHM, Динамик, миниатюрный, майларовый, универсальный, водостойкий, 2Вт, VISATON;https://www.chipdip.ru/product0/8002644307;Дешевле: PSR66N08AK (Mallory, 8 Ом, 1,5 Вт, ø66 мм), но у него полоса от 500 Гц и басов почти нет.
Разъёмы и коммутация;SW1;1;Кнопка с фиксацией ON-OFF (1 А, 250 В AC), красная;PBS-11A red, Кнопка с фиксацией ON-OFF (1A 250VAC), красная (SPA-101A1), Jietong Switch;https://www.chipdip.ru/product/pbs-11a-red;Есть также зелёная: PBS-11A green. Размер отверстия в панели смотрите в документации на странице товара: из выдачи подтвердить не удалось.
Монтаж;;1;Плата макетная 70 × 90 мм, шаг 2,54 мм;PCB 70x90 green, Плата макетная, 70мм х 90мм, PCB (шаг2.54мм), ChipDipDac;https://www.chipdip.ru/product/pcb-70x90-green;Сквозная металлизация, 26 × 33 отверстия, крепёжные отверстия 3,2 мм.
Монтаж;;2;Вилка штыревая 1 × 40, шаг 2,54 мм;PLS-40 (DS1021-1x40), Вилка штыревая 2.54мм 1х40pin прямая тип1 на плату;https://www.chipdip.ru/product/pls-40-ds1021-1x40-vilka-shtyrevaya-2.54mm-1x40pin-connfly-39606;Одна планка режется на две по 20 контактов и впаивается в Pico, вторая — для модуля усилителя (7 контактов).
Монтаж;;3;Гнездо на плату 1 × 20, шаг 2,54 мм;PBS-20 (DS-1023 - 1x20), Гнездо на плату 2.54мм 1х20pin прямое, Connfly;https://www.chipdip.ru/product/pbs20;Две — под Pico, из третьей отрежьте 7 контактов под модуль усилителя.
Монтаж;;1;Панелька DIP-16 узкая;SCS-16 (DS1009-16AN), DIP панель 16 контактов узкая, Connfly;https://www.chipdip.ru/product/scs-16;Под MCP3008.
Монтаж;;4;Стойка для плат М3 × 15 мм, латунь, отверстие–отверстие;PCHSS-15, Стойка для печатных плат, шестигр., латунь, М3, 15 мм;https://www.chipdip.ru/product/pchss-15-stoyka-dlya-pechatnyh-plat-shestigr-latun-m3-15-connfly-12029;Плата крепится к лицевой панели. Нужны ещё 8 винтов М3 × 6 мм: в выдаче не искал.
Монтаж;;1;Набор монтажного провода 0,2–0,5 мм², 30 м;ММП (АМП)-Н30-0205, Набор монтажного провода 0.2-0.5 кв.мм, 30 метров, Россия;https://www.chipdip.ru/product/amp50-mgshv-0.2;Для проводов к ручкам, кнопке, светодиоду, динамику и перемычек на плате.
Ручки;;3;Ручка пластмассовая ø15,7 мм, отверстие 6 мм, с металлической вставкой;41009-1, D15.7мм, отв. 6мм, Ручка пластмассовая (метал. вставка);https://www.chipdip.ru/product/41009-1-d15.7mm-otv-6mm-ruchka-plastmassovaya-metal-knobs-61887;Tide, Tone, Volume.
Ручки;;1;Ручка ø28 мм, отверстие 6 мм;KYP25-18-6, Ручка для РЭА D28мм отв.6мм, Daier;https://www.chipdip.ru/product/kyp25-18-6;Surf (большая ручка).
Питание;;1;Блок питания 5 В, 2 А, штекер 5,5 × 2,1 мм;Блок питания Gembird NPA-AC12, 5В/2А, 10Вт, 3 штекера 5.5х2.1+4x1.7+3.5x1.35мм, черный;https://www.chipdip.ru/product/blok-pitaniya-gembird-npa-ac12-5v-2a-10vt-3-8048463864;Проверьте по наклейке, что центральный контакт штекера — «плюс».
Прочее;;1;Корпус и лицевая панель;;;≈ 192 × 101 × 39 мм: два отверстия-кармана под плату и динамик, отверстия под ручки, кнопку, светодиод и гнездо. Печатается на 3D-принтере или режется из листа.
