цепь;откуда;отверстие;куда;отверстие;тип;длина_мм
ADC0;U2.1;Q6;RV1.W;на панели;провод к панели;19.0
ADC0;U2.1;Q6;C4.1;Y6;перемычка на плате;20.3
ADC1;U2.2;Q7;C5.1;Y10;перемычка на плате;21.7
ADC1;C5.1;Y10;RV2.W;на панели;провод к панели;54.8
ADC2;U2.3;Q8;C6.1;Y14;перемычка на плате;25.4
ADC2;C6.1;Y14;RV3.W;на панели;провод к панели;50.9
ADC3;U2.4;Q9;C7.1;V14;перемычка на плате;18.0
ADC3;C7.1;V14;RV4.W;на панели;провод к панели;61.8
GND;J1.SLV;на панели;U3.2;E26;провод к панели;24.5
GND;U3.2;E26;RV4.1;на панели;провод к панели;17.3
GND;RV4.1;на панели;C1.2;P31;провод к панели;24.3
GND;C1.2;P31;RV3.1;на панели;провод к панели;10.3
GND;RV3.1;на панели;Q1.E;X25;провод к панели;24.9
GND;Q1.E;X25;C3.2;W23;перемычка на плате;5.7
GND;C3.2;W23;C2.2;W19;перемычка на плате;10.2
GND;C2.2;W19;C7.2;V16;перемычка на плате;8.0
GND;C7.2;V16;C6.2;Y16;перемычка на плате;7.6
GND;C7.2;V16;U2.9;T13;перемычка на плате;9.2
GND;U2.9;T13;U2.8;Q13;перемычка на плате;7.6
GND;U2.8;Q13;U2.7;Q12;перемычка на плате;2.5
GND;U2.7;Q12;U2.6;Q11;перемычка на плате;2.5
GND;U2.6;Q11;U2.5;Q10;перемычка на плате;2.5
GND;U2.5;Q10;U2.14;T8;перемычка на плате;9.2
GND;U2.7;Q12;RV1.1;на панели;провод к панели;9.7
GND;C6.2;Y16;C5.2;Y12;перемычка на плате;10.2
GND;C5.2;Y12;C4.2;Y8;перемычка на плате;10.2
GND;U2.6;Q11;U1.33;K11;перемычка на плате;15.2
GND;U1.33;K11;U1.38;K6;перемычка на плате;12.7
GND;Q1.E;X25;RV2.1;на панели;провод к панели;20.7
I2S_BCLK;U1.14;D17;U3.6;I26;перемычка на плате;26.2
I2S_DIN;U1.12;D15;U3.5;H26;перемычка на плате;29.7
I2S_LRC;U1.15;D18;U3.7;J26;перемычка на плате;25.4
LEDA;D2.A;на панели;R2.2;U33;провод к панели;88.9
LED_CTL;U1.20;D23;R1.1;R23;перемычка на плате;35.6
QB;R1.2;R26;Q1.B;W25;перемычка на плате;13.0
QC;Q1.C;V25;D2.K;на панели;провод к панели;75.1
SPI_CS;U1.22;K22;U2.10;T12;перемычка на плате;34.2
SPI_MISO;U1.21;K23;U2.12;T10;перемычка на плате;40.2
SPI_MOSI;U1.25;K19;U2.11;T11;перемычка на плате;30.6
SPI_SCK;U1.24;K20;U2.13;T9;перемычка на плате;36.1
SPK_N;U3.9;N31;SPK1.2;на панели;провод к панели;76.1
SPK_P;U3.8;L31;SPK1.1;на панели;провод к панели;87.0
V3;U1.36;K8;RV1.3;на панели;провод к панели;15.8
V3;U1.36;K8;U2.15;T7;перемычка на плате;23.0
V3;U2.15;T7;U2.16;T6;перемычка на плате;2.5
V3;U2.15;T7;C2.1;W17;перемычка на плате;26.5
V3;C2.1;W17;C3.1;W21;перемычка на плате;10.2
V3;C3.1;W21;RV2.3;на панели;провод к панели;27.7
V3;RV2.3;на панели;RV3.3;на панели;провод к панели;26.0
V3;RV3.3;на панели;RV4.3;на панели;провод к панели;26.0
V5;SW1.2;на панели;U3.1;D26;провод к панели;59.5
V5;U3.1;D26;D1.A;N28;перемычка на плате;25.9
V5;D1.A;N28;C1.1;N31;перемычка на плате;7.6
V5;C1.1;N31;R2.1;U30;перемычка на плате;18.0
V5IN;J1.TIP;на панели;SW1.1;на панели;провод к панели;48.4
VSYS;D1.K;R28;U1.39;K5;перемычка на плате;61.1
