Группа;Обозначения;Кол-во;Описание;Корпус / примечание
Микросхемы;U1 U2;2;TL072: Сдвоенный малошумящий ОУ с полевыми входами;TL072CP / TL072ACP, DIP-8
Микросхемы;U3;1;LM324: Счетверённый ОУ, один источник питания;LM324N, DIP-14
Микросхемы;U4;1;LM358: Сдвоенный ОУ, работает от одного питания, выход до «земли»;LM358N, DIP-8
Микросхемы;U5;1;CD4013: Два D-триггера (КМОП);CD4013BE, DIP-14
Микросхемы;U6 U7;2;LM13700: Сдвоенный транскондактансный ОУ (OTA) с буферами;LM13700N, DIP-16
Микросхемы;U8;1;LM386: Усилитель мощности НЧ, напряжение питания до 15–18 В;LM386N-3 или LM386N-4 (не N-1: он рассчитан на 12 В максимум), DIP-8
Микросхемы;U9;1;CD4081: Четыре элемента 2И (КМОП);CD4081BE, DIP-14
Транзисторы;Q1;1;Транзистор 2N3904 — источник шума (используется переход эмиттер-база в обратном включении); подберите экземпляр с хорошим шумом;TO-92
Транзисторы;Q2;1;Транзистор 2N3904 — драйвер светодиода;TO-92
Диоды;D1;1;Диод Шоттки 1N5819 (1 А, 40 В);DO-41
Диоды;D2 D3 D4 D5 D6 D7 D8 D9;8;Диод 1N4148 (кремниевый, быстрый);DO-35
Диоды;D10;1;Светодиод 3 мм, цвет «аква» (бирюзовый, 495–505 нм);3 мм, на лицевой стороне платы
Регуляторы;RV1;1;Подстроечный резистор 100 кОм;многооборотный 3386P / 3296W, вертикальный
Регуляторы;RV2;1;Подстроечный резистор 10 кОм;многооборотный 3386P / 3296W, вертикальный
Регуляторы;RV3;1;Потенциометр 100 кОм линейный (B100K);Alpha 9 мм, вал 6 мм, на плату
Регуляторы;RV4;1;Потенциометр 10 кОм логарифмический (A10K);Alpha 9 мм, вал 6 мм, на плату
Регуляторы;RV5;1;Потенциометр 10 кОм линейный (B10K);Alpha 16 мм или 9 мм, вал 6 мм, на плату
Регуляторы;RV6;1;Сдвоенный потенциометр 1 МОм линейный (B1M), две секции;Alpha 9 мм сдвоенный, вал 6 мм, на плату
Резисторы;R1;1;Резистор 22 Ом, 0,25 Вт, 1 %;выводной, ставится стоя
Резисторы;R2 R3;2;Резистор 2,2 кОм, 0,25 Вт, 1 %;выводной, ставится стоя
Резисторы;R4 R7 R13 R16 R18 R21 R22 R25 R26;9;Резистор 1 кОм, 0,25 Вт, 1 %;выводной, ставится стоя
Резисторы;R5 R19 R23 R52;4;Резистор 10 кОм, 0,25 Вт, 1 %;выводной, ставится стоя
Резисторы;R6 R15 R17 R20 R24 R43 R45 R47 R55;9;Резистор 100 кОм, 0,25 Вт, 1 %;выводной, ставится стоя
Резисторы;R8;1;Резистор 4,7 кОм, 0,25 Вт, 1 %;выводной, ставится стоя
Резисторы;R9 R48;2;Резистор 18 кОм, 0,25 Вт, 1 %;выводной, ставится стоя
Резисторы;R10 R49;2;Резистор 11 кОм, 0,25 Вт, 1 %;выводной, ставится стоя
Резисторы;R11;1;Резистор 3,6 кОм, 0,25 Вт, 1 %;выводной, ставится стоя
Резисторы;R12;1;Резистор 750 Ом, 0,25 Вт, 1 %;выводной, ставится стоя
Резисторы;R14 R27;2;Резистор 15 кОм, 0,25 Вт, 1 %;выводной, ставится стоя
Резисторы;R28;1;Резистор 10 Ом, 0,25 Вт, 1 %;выводной, ставится стоя
Резисторы;R29;1;Резистор 27 кОм, 0,25 Вт, 1 %;выводной, ставится стоя
Резисторы;R30;1;Резистор 30 кОм, 0,25 Вт, 1 %;выводной, ставится стоя
Резисторы;R31;1;Резистор 220 кОм, 0,25 Вт, 1 %;выводной, ставится стоя
Резисторы;R32 R33;2;Резистор 91 кОм, 0,25 Вт, 1 %;выводной, ставится стоя
Резисторы;R34 R35 R38 R39;4;Резистор 1 МОм, 0,25 Вт, 1 %;выводной, ставится стоя
Резисторы;R36;1;Резистор 180 кОм, 0,25 Вт, 1 %;выводной, ставится стоя
Резисторы;R37 R41;2;Резистор 390 кОм, 0,25 Вт, 1 %;выводной, ставится стоя
Резисторы;R40;1;Резистор 120 кОм, 0,25 Вт, 1 %;выводной, ставится стоя
Резисторы;R42;1;Резистор 47 кОм, 0,25 Вт, 1 %;выводной, ставится стоя
Резисторы;R44;1;Резистор 82 кОм, 0,25 Вт, 1 %;выводной, ставится стоя
Резисторы;R46 R50;2;Резистор 470 кОм, 0,25 Вт, 1 %;выводной, ставится стоя
Резисторы;R51;1;Резистор 39 кОм, 0,25 Вт, 1 %;выводной, ставится стоя
Резисторы;R53;1;Резистор 10 МОм, 0,25 Вт, 1 %;выводной, ставится стоя
Резисторы;R54;1;Резистор 820 Ом, 0,25 Вт, 1 %;выводной, ставится стоя
Конденсаторы;C1;1;Электролитический конденсатор 220 мкФ, 25 В;радиальный, ø8 мм
Конденсаторы;C2 C4 C13 C14 C15 C19 C20 C21 C22 C28 C29 C33 C37;13;Керамический конденсатор X7R 100 нФ, 50 В;шаг выводов 5 мм
Конденсаторы;C3 C6 C32;3;Электролитический конденсатор 100 мкФ, 25 В;радиальный, ø6.3 мм
Конденсаторы;C5 C34;2;Электролитический конденсатор 220 мкФ, 16 В;радиальный, ø6.3 мм
Конденсаторы;C7;1;Плёночный конденсатор 1 мкФ, 63 В (MKT);шаг выводов 7,5–10 мм
Конденсаторы;C8 C12;2;Электролитический конденсатор 47 мкФ, 16 В;радиальный, ø5 мм
Конденсаторы;C9;1;Плёночный или C0G конденсатор 100 нФ, ±5 %, 63 В;шаг выводов 5 мм
Конденсаторы;C10;1;Плёночный или C0G конденсатор 39 нФ, ±5 %, 63 В;шаг выводов 5 мм
Конденсаторы;C11;1;Плёночный или C0G конденсатор 18 нФ, ±5 %, 63 В;шаг выводов 5 мм
Конденсаторы;C16;1;Плёночный или C0G конденсатор 2,2 нФ, ±5 %, 63 В;шаг выводов 5 мм
Конденсаторы;C17;1;Плёночный или C0G конденсатор 4,7 нФ, ±5 %, 63 В;шаг выводов 5 мм
Конденсаторы;C18;1;Керамический конденсатор C0G/NP0 100 пФ, 50 В;шаг выводов 5 мм
Конденсаторы;C23 C31;2;Электролитический конденсатор 10 мкФ, 16 В;радиальный, ø5 мм
Конденсаторы;C24;1;Плёночный конденсатор 4,7 мкФ, 63 В (MKT/MKS);шаг выводов 22,5 мм, крупный
Конденсаторы;C25;1;Плёночный конденсатор 6,8 мкФ, 63 В (MKT/MKS);шаг выводов 22,5 мм, крупный
Конденсаторы;C26 C27 C30;3;Электролитический конденсатор 4,7 мкФ, 16 В;радиальный, ø5 мм
Конденсаторы;C35;1;Плёночный или C0G конденсатор 47 нФ, ±5 %, 63 В;шаг выводов 5 мм
Конденсаторы;C36;1;Плёночный конденсатор 470 нФ, 63 В (MKT);шаг выводов 7,5 мм
Разъёмы и коммутация;J1;1;Гнездо питания DC 5,5 × 2,1 мм (центр «+»);на плату или на корпус
Разъёмы и коммутация;SPK1;1;Динамик 8 Ом, 1–2 Вт, ø66 мм (2,5″);крепится к лицевой панели, 2 провода на плату
Разъёмы и коммутация;SW1;1;Кнопка с фиксацией, SPST, 12 × 12 мм (напр. PBS-110 / «ключ» на лицевую панель);на плату, с лицевой стороны
Прочее;;1;Печатная плата;Двусторонняя, ≈ 104 × 94 мм (разводить по этой схеме; трассировка в комплект не входит)
Прочее;;4;Панелька DIP-8;Для U1, U2, U4, U8
Прочее;;3;Панелька DIP-14;Для U3, U5, U9
Прочее;;2;Панелька DIP-16;Для U6, U7
Прочее;;1;Ручка ø25 мм (на вал 6 мм);Surf, бирюзовая вставка
Прочее;;3;Ручка ø12 мм (на вал 6 мм);Tide, Tone, Volume
Прочее;;1;Блок питания 12 В, ≥ 500 мА;Штекер 5,5 × 2,1 мм, центр «+», стабилизированный или хороший импульсный
Прочее;;1;Корпус;Задняя часть корпуса и лицевая панель ≈ 192 × 101 × 39 мм, отверстия под ручки, кнопку, светодиод, динамик; крышка снимается с обратной стороны
Прочее;;4;Стойки для платы M3 × 8 мм;Плата крепится к лицевой панели
Прочее;;≈ 1 м;Монтажный провод 0,25 мм²;Динамик, при необходимости светодиод/гнездо
